Date,Type,Action,Symbol,Instrument Type,Description,Value,Quantity,Average Price,Commissions,Fees,Multiplier,Underlying Symbol,Expiration Date,Strike Price,Call or Put,Order #
2021-05-10T06:34:45-0700,Trade,BUY_TO_CLOSE,TSM   210618C00125000,Equity Option,Bought 1 TSM 06/18/21 Call 125.00 @ 0.87,-87.00,1,-87.00,0.00,-0.13,100,TSM,6/18/21,125.0,CALL,146814581
2021-05-10T06:30:05-0700,Trade,BUY_TO_CLOSE,AAPL  210618C00135000,Equity Option,Bought 1 AAPL 06/18/21 Call 135.00 @ 2.00,-200.00,1,-200.00,0.00,-0.13,100,AAPL,6/18/21,135.0,CALL,148269060
2021-05-08T06:30:32-0700,Money Movement,,,,Regulatory fee adjustment,-0.02,0,,--,0.00,,,,,,
2021-05-07T11:22:25-0700,Trade,SELL_TO_CLOSE,AMD   210618C00085000,Equity Option,Sold 1 AMD 06/18/21 Call 85.00 @ 1.52,152.00,1,152.00,0.00,-0.142,100,AMD,6/18/21,85.0,CALL,148269301
2021-05-07T08:23:45-0700,Trade,SELL_TO_OPEN,./ESM1 ESM1  210618C4450,Future Option,Sold 1 /ESM1 ESM1 06/18/21 Call 4450.00 @ 7.75,387.50,1,387.50,-2.50,-0.87,1,/ESM1,6/18/21,4450.0,CALL,148178276
2021-05-07T08:23:45-0700,Trade,SELL_TO_OPEN,./ESM1 ESM1  210618P3810,Future Option,Sold 1 /ESM1 ESM1 06/18/21 Put 3810.00 @ 16.25,812.50,1,812.50,-2.50,-0.87,1,/ESM1,6/18/21,3810.0,PUT,148178276
2021-05-04T06:45:06-0700,Trade,BUY_TO_CLOSE,./ESM1 EW3K1 210521C4300,Future Option,Bought 1 /ESM1 EW3K1 05/21/21 Call 4300.00 @ 4.75,-237.50,1,-237.50,0.00,-0.87,1,/ESM1,5/21/21,4300.0,CALL,147188271
2021-05-03T08:40:29-0700,Trade,BUY_TO_CLOSE,FUBO  210521P00020000,Equity Option,Bought 1 FUBO 05/21/21 Put 20.00 @ 2.04,-204.00,1,-204.00,0.00,-0.13,100,FUBO,5/21/21,20.0,PUT,146812366
2021-05-03T08:40:29-0700,Trade,SELL_TO_OPEN,FUBO  210618P00020000,Equity Option,Sold 1 FUBO 06/18/21 Put 20.00 @ 2.94,294.00,1,294.00,-1.00,-0.142,100,FUBO,6/18/21,20.0,PUT,146812366
2021-05-03T06:45:14-0700,Trade,BUY_TO_CLOSE,AMD   210521C00085000,Equity Option,Bought 1 AMD 05/21/21 Call 85.00 @ 1.01,-101.00,1,-101.00,0.00,-0.13,100,AMD,5/21/21,85.0,CALL,139886551
2021-05-01T06:54:43-0700,Money Movement,,,,Regulatory fee adjustment,-0.02,0,,--,0.00,,,,,,
2021-04-30T10:21:38-0700,Trade,SELL_TO_OPEN,TSM   210618C00125000,Equity Option,Sold 1 TSM 06/18/21 Call 125.00 @ 2.17,217.00,1,217.00,-1.00,-0.142,100,TSM,6/18/21,125.0,CALL,146813038
2021-04-30T10:21:38-0700,Trade,BUY_TO_CLOSE,TSM   210521C00120000,Equity Option,Bought 1 TSM 05/21/21 Call 120.00 @ 1.91,-191.00,1,-191.00,0.00,-0.13,100,TSM,5/21/21,120.0,CALL,146813038
2021-04-28T07:43:05-0700,Trade,BUY_TO_CLOSE,AAPL  210430C00131000,Equity Option,Bought 1 AAPL 04/30/21 Call 131.00 @ 4.07,-407.00,1,-407.00,0.00,-0.13,100,AAPL,4/30/21,131.0,CALL,146132898
2021-04-28T07:43:05-0700,Trade,SELL_TO_OPEN,AAPL  210618C00135000,Equity Option,Sold 1 AAPL 06/18/21 Call 135.00 @ 5.14,514.00,1,514.00,-1.00,-0.142,100,AAPL,6/18/21,135.0,CALL,146132898
2021-04-24T06:57:51-0700,Money Movement,,,,Regulatory fee adjustment,-0.03,0,,--,0.00,,,,,,
2021-04-21T07:52:05-0700,Trade,SELL_TO_CLOSE,TSLA  220121C00950000,Equity Option,Sold 1 TSLA 01/21/22 Call 950.00 @ 97.61,"9,761.00",1,"9,761.00",0.00,-0.182,100,TSLA,1/21/22,950.0,CALL,144770360
2021-04-21T07:52:05-0700,Trade,BUY_TO_CLOSE,TSLA  210521C00800000,Equity Option,Bought 1 TSLA 05/21/21 Call 800.00 @ 24.66,"-2,466.00",1,"-2,466.00",0.00,-0.13,100,TSLA,5/21/21,800.0,CALL,144770360
2021-04-21T07:48:47-0700,Trade,SELL_TO_OPEN,./GCQ1 OGN1  210624P1650,Future Option,Sold 1 /GCQ1 OGN1 06/24/21 Put 1650.00 @ 5.8,580.00,1,580.00,-2.50,-1.82,1,/GCQ1,6/24/21,1650.0,PUT,144768440
2021-04-21T06:51:36-0700,Trade,BUY_TO_CLOSE,./GCM1 OGM1  210525P1685,Future Option,Bought 1 /GCM1 OGM1 05/25/21 Put 1685.00 @ 3.5,-350.00,1,-350.00,0.00,-1.82,1,/GCM1,5/25/21,1685.0,PUT,144675976
2021-04-21T06:30:00-0700,Trade,SELL_TO_OPEN,TSLA  210521C00800000,Equity Option,Sold 1 TSLA 05/21/21 Call 800.00 @ 21.77,"2,177.00",1,"2,177.00",-1.00,-0.152,100,TSLA,5/21/21,800.0,CALL,144606171
2021-04-21T06:30:00-0700,Trade,BUY_TO_OPEN,TSLA  220121C00950000,Equity Option,Bought 1 TSLA 01/21/22 Call 950.00 @ 93.67,"-9,367.00",1,"-9,367.00",-1.00,-0.13,100,TSLA,1/21/22,950.0,CALL,144606171
2021-04-19T08:11:34-0700,Trade,SELL_TO_CLOSE,TSLA  220121C00950000,Equity Option,Sold 1 TSLA 01/21/22 Call 950.00 @ 95.74,"9,574.00",1,"9,574.00",0.00,-0.182,100,TSLA,1/21/22,950.0,CALL,144288377
2021-04-19T08:11:34-0700,Trade,BUY_TO_CLOSE,TSLA  210521C00800000,Equity Option,Bought 1 TSLA 05/21/21 Call 800.00 @ 23.74,"-2,374.00",1,"-2,374.00",0.00,-0.13,100,TSLA,5/21/21,800.0,CALL,144288377
2021-04-19T06:42:47-0700,Trade,SELL_TO_OPEN,TSLA  210521C00800000,Equity Option,Sold 1 TSLA 05/21/21 Call 800.00 @ 23.67,"2,367.00",1,"2,367.00",-1.00,-0.152,100,TSLA,5/21/21,800.0,CALL,143764130
2021-04-19T06:42:47-0700,Trade,BUY_TO_OPEN,TSLA  220121C00950000,Equity Option,Bought 1 TSLA 01/21/22 Call 950.00 @ 94.97,"-9,497.00",1,"-9,497.00",-1.00,-0.13,100,TSLA,1/21/22,950.0,CALL,143764130
2021-04-17T08:31:26-0700,Money Movement,,,,Regulatory fee adjustment,-0.01,0,,--,0.00,,,,,,
2021-04-16T14:00:00-0700,Money Movement,,,,INTEREST ON CREDIT BALANCE,0.54,0,,--,0.00,,,,,,
2021-04-16T13:00:00-0700,Receive Deliver,,BAC   210416P00036000,Equity Option,Removal of 6.0 BAC 04/16/21 Put 36.00 due to expiration.,0.00,6,0.00,--,0.00,100,BAC,4/16/21,36.0,PUT,
2021-04-16T13:00:00-0700,Receive Deliver,,JPM   210416P00150000,Equity Option,Removal of 1.0 JPM 04/16/21 Put 150.00 due to expiration.,0.00,1,0.00,--,0.00,100,JPM,4/16/21,150.0,PUT,
2021-04-16T13:00:00-0700,Receive Deliver,,FSLY  210416C00080000,Equity Option,Removal of 1.0 FSLY 04/16/21 Call 80.00 due to expiration.,0.00,1,0.00,--,0.00,100,FSLY,4/16/21,80.0,CALL,
2021-04-16T13:00:00-0700,Receive Deliver,,FSLY  210416C00090000,Equity Option,Removal of 1.0 FSLY 04/16/21 Call 90.00 due to expiration.,0.00,1,0.00,--,0.00,100,FSLY,4/16/21,90.0,CALL,
2021-04-14T12:44:30-0700,Trade,SELL_TO_CLOSE,TSLA  220121C00950000,Equity Option,Sold 1 TSLA 01/21/22 Call 950.00 @ 103.17,"10,317.00",1,"10,317.00",0.00,-0.192,100,TSLA,1/21/22,950.0,CALL,143596482
2021-04-14T12:44:30-0700,Trade,BUY_TO_CLOSE,TSLA  210521C00800000,Equity Option,Bought 1 TSLA 05/21/21 Call 800.00 @ 31.72,"-3,172.00",1,"-3,172.00",0.00,-0.13,100,TSLA,5/21/21,800.0,CALL,143596482
2021-04-11T16:07:00-0700,Trade,SELL_TO_OPEN,./GCM1 OGM1  210525P1685,Future Option,Sold 1 /GCM1 OGM1 05/25/21 Put 1685.00 @ 11.7,"1,170.00",1,"1,170.00",-2.50,-1.82,1,/GCM1,5/25/21,1685.0,PUT,142785722
2021-04-10T06:32:12-0700,Money Movement,,,,Regulatory fee adjustment,-0.06,0,,--,0.00,,,,,,
2021-04-08T12:58:45-0700,Trade,BUY_TO_CLOSE,PRPL  210521P00030000,Equity Option,Bought 1 PRPL 05/21/21 Put 30.00 @ 1.60,-160.00,1,-160.00,0.00,-0.13,100,PRPL,5/21/21,30.0,PUT,138964055
2021-04-08T12:58:25-0700,Trade,SELL_TO_OPEN,./ESM1 EW3K1 210521C4300,Future Option,Sold 1 /ESM1 EW3K1 05/21/21 Call 4300.00 @ 9.5,475.00,1,475.00,-2.50,-0.87,1,/ESM1,5/21/21,4300.0,CALL,142491154
2021-04-05T12:56:29-0700,Trade,SELL_TO_OPEN,FUBO  210521P00020000,Equity Option,Sold 1 FUBO 05/21/21 Put 20.00 @ 2.91,291.00,1,291.00,-1.00,-0.142,100,FUBO,5/21/21,20.0,PUT,141717666
2021-04-05T06:30:00-0700,Trade,SELL_TO_CLOSE,TSLA  210521P00400000,Equity Option,Sold 1 TSLA 05/21/21 Put 400.00 @ 2.72,272.00,1,272.00,0.00,-0.142,100,TSLA,5/21/21,400.0,PUT,141327723
2021-04-05T06:30:00-0700,Trade,BUY_TO_CLOSE,TSLA  210521P00500000,Equity Option,Bought 1 TSLA 05/21/21 Put 500.00 @ 7.52,-752.00,1,-752.00,0.00,-0.13,100,TSLA,5/21/21,500.0,PUT,141327723
2021-04-01T10:35:06-0700,Trade,BUY_TO_OPEN,TSLA  210521P00400000,Equity Option,Bought 1 TSLA 05/21/21 Put 400.00 @ 3.52,-352.00,1,-352.00,-1.00,-0.13,100,TSLA,5/21/21,400.0,PUT,141323734
2021-04-01T10:35:06-0700,Trade,SELL_TO_OPEN,TSLA  210521P00500000,Equity Option,Sold 1 TSLA 05/21/21 Put 500.00 @ 10.77,"1,077.00",1,"1,077.00",-1.00,-0.142,100,TSLA,5/21/21,500.0,PUT,141323734
2021-04-01T07:30:00-0700,Trade,BUY_TO_CLOSE,SNAP  210521P00055000,Equity Option,Bought 1 SNAP 05/21/21 Put 55.00 @ 6.15,-615.00,1,-615.00,0.00,-0.13,100,SNAP,5/21/21,55.0,PUT,141211192
2021-03-31T23:17:45-0700,Trade,BUY_TO_CLOSE,./ESM1 EWJ1  210430P3300,Future Option,Bought 1 /ESM1 EWJ1 04/30/21 Put 3300.00 @ 3.75,-187.50,1,-187.50,0.00,-0.87,1,/ESM1,4/30/21,3300.0,PUT,141103745
2021-03-31T10:39:52-0700,Trade,SELL_TO_CLOSE,TSLA  220121C00950000,Equity Option,Sold 1 TSLA 01/21/22 Call 950.00 @ 83.21,"8,321.00",1,"8,321.00",0.00,-0.192,100,TSLA,1/21/22,950.0,CALL,141017778
2021-03-31T10:39:52-0700,Trade,BUY_TO_CLOSE,TSLA  210521C00950000,Equity Option,Bought 1 TSLA 05/21/21 Call 950.00 @ 5.21,-521.00,1,-521.00,0.00,-0.14,100,TSLA,5/21/21,950.0,CALL,141017778
2021-03-31T09:05:55-0700,Trade,SELL_TO_OPEN,SPCE  210521P00025000,Equity Option,Sold 1 SPCE 05/21/21 Put 25.00 @ 2.05,205.00,1,205.00,-1.00,-0.152,100,SPCE,5/21/21,25.0,PUT,140970536
2021-03-31T08:46:42-0700,Trade,SELL_TO_CLOSE,./ESM1 EW3K1 210521P3300,Future Option,Sold 1 /ESM1 EW3K1 05/21/21 Put 3300.00 @ 10.0,500.00,1,500.00,0.00,-0.87,1,/ESM1,5/21/21,3300.0,PUT,140940391
2021-03-31T08:46:42-0700,Trade,BUY_TO_CLOSE,./ESM1 EW3K1 210521P3600,Future Option,Bought 1 /ESM1 EW3K1 05/21/21 Put 3600.00 @ 24.25,"-1,212.50",1,"-1,212.50",0.00,-0.87,1,/ESM1,5/21/21,3600.0,PUT,140940391
2021-03-31T07:45:24-0700,Trade,SELL_TO_OPEN,TLRY  210521P00020000,Equity Option,Sold 1 TLRY 05/21/21 Put 20.00 @ 2.24,224.00,1,224.00,-1.00,-0.152,100,TLRY,5/21/21,20.0,PUT,140919927
2021-03-31T07:38:02-0700,Trade,SELL_TO_CLOSE,TSLA  210416P00565000,Equity Option,Sold 1 TSLA 04/16/21 Put 565.00 @ 7.77,777.00,1,777.00,0.00,-0.152,100,TSLA,4/16/21,565.0,PUT,140130807
2021-03-31T07:38:02-0700,Trade,BUY_TO_CLOSE,TSLA  210416P00590000,Equity Option,Bought 1 TSLA 04/16/21 Put 590.00 @ 11.97,"-1,197.00",1,"-1,197.00",0.00,-0.14,100,TSLA,4/16/21,590.0,PUT,140130807
2021-03-30T12:52:21-0700,Trade,SELL_TO_OPEN,TSLA  210521C00950000,Equity Option,Sold 1 TSLA 05/21/21 Call 950.00 @ 4.15,415.00,1,415.00,-1.00,-0.152,100,TSLA,5/21/21,950.0,CALL,140797803
2021-03-30T12:51:32-0700,Trade,SELL_TO_OPEN,TSLA  210521C00800000,Equity Option,Sold 1 TSLA 05/21/21 Call 800.00 @ 15.11,"1,511.00",1,"1,511.00",-1.00,-0.152,100,TSLA,5/21/21,800.0,CALL,140797146
2021-03-30T12:49:19-0700,Trade,BUY_TO_OPEN,TSLA  220121C00950000,Equity Option,Bought 1 TSLA 01/21/22 Call 950.00 @ 72.50,"-7,250.00",1,"-7,250.00",-1.00,-0.14,100,TSLA,1/21/22,950.0,CALL,140795204
2021-03-30T12:45:07-0700,Trade,SELL_TO_CLOSE,TSLA  220121C00950000,Equity Option,Sold 1 TSLA 01/21/22 Call 950.00 @ 72.90,"7,290.00",1,"7,290.00",0.00,-0.182,100,TSLA,1/21/22,950.0,CALL,140792060
2021-03-27T07:22:25-0700,Money Movement,,,,Regulatory fee adjustment,-0.07,0,,--,0.00,,,,,,
2021-03-26T10:23:36-0700,Trade,BUY_TO_CLOSE,TSLA  210430C00800000,Equity Option,Bought 1 TSLA 04/30/21 Call 800.00 @ 7.80,-780.00,1,-780.00,0.00,-0.14,100,TSLA,4/30/21,800.0,CALL,140176587
2021-03-26T09:46:53-0700,Trade,BUY_TO_OPEN,TSLA  220121C00950000,Equity Option,Bought 1 TSLA 01/21/22 Call 950.00 @ 65.50,"-6,550.00",1,"-6,550.00",-1.00,-0.14,100,TSLA,1/21/22,950.0,CALL,140152043
2021-03-26T09:33:13-0700,Trade,SELL_TO_CLOSE,TSLA  220121C00950000,Equity Option,Sold 1 TSLA 01/21/22 Call 950.00 @ 66.80,"6,680.00",1,"6,680.00",0.00,-0.182,100,TSLA,1/21/22,950.0,CALL,140147018
2021-03-26T09:03:26-0700,Trade,BUY_TO_OPEN,TSLA  220121C00950000,Equity Option,Bought 1 TSLA 01/21/22 Call 950.00 @ 64.80,"-6,480.00",1,"-6,480.00",-1.00,-0.14,100,TSLA,1/21/22,950.0,CALL,140131771
2021-03-26T09:01:34-0700,Trade,SELL_TO_OPEN,TSLA  210416P00590000,Equity Option,Sold 1 TSLA 04/16/21 Put 590.00 @ 28.43,"2,843.00",1,"2,843.00",-1.00,-0.162,100,TSLA,4/16/21,590.0,PUT,140130100
2021-03-26T09:01:34-0700,Trade,BUY_TO_OPEN,TSLA  210416P00565000,Equity Option,Bought 1 TSLA 04/16/21 Put 565.00 @ 20.33,"-2,033.00",1,"-2,033.00",-1.00,-0.14,100,TSLA,4/16/21,565.0,PUT,140130100
2021-03-25T11:45:17-0700,Trade,SELL_TO_OPEN,SNAP  210521P00055000,Equity Option,Sold 1 SNAP 05/21/21 Put 55.00 @ 8.57,857.00,1,857.00,-1.00,-0.152,100,SNAP,5/21/21,55.0,PUT,139887849
2021-03-25T11:45:17-0700,Trade,BUY_TO_CLOSE,SNAP  210416P00055000,Equity Option,Bought 1 SNAP 04/16/21 Put 55.00 @ 6.27,-627.00,1,-627.00,0.00,-0.14,100,SNAP,4/16/21,55.0,PUT,139887849
2021-03-25T10:10:02-0700,Trade,BUY_TO_CLOSE,AMD   210521C00092500,Equity Option,Bought 1 AMD 05/21/21 Call 92.50 @ 0.96,-96.00,1,-96.00,0.00,-0.14,100,AMD,5/21/21,92.5,CALL,139886457
2021-03-25T10:10:02-0700,Trade,SELL_TO_OPEN,AMD   210521C00085000,Equity Option,Sold 1 AMD 05/21/21 Call 85.00 @ 2.06,206.00,1,206.00,-1.00,-0.152,100,AMD,5/21/21,85.0,CALL,139886457
2021-03-25T08:41:35-0700,Trade,BUY_TO_CLOSE,./ESM1 EWJ1  210430C4300,Future Option,Bought 1 /ESM1 EWJ1 04/30/21 Call 4300.00 @ 0.8,-40.00,1,-40.00,0.00,-0.87,1,/ESM1,4/30/21,4300.0,CALL,139840117
2021-03-25T05:42:08-0700,Trade,SELL_TO_CLOSE,./ESM1 EW3K1 210521C4600,Future Option,Sold 1 /ESM1 EW3K1 05/21/21 Call 4600.00 @ 0.5,25.00,1,25.00,0.00,-0.87,1,/ESM1,5/21/21,4600.0,CALL,139688029
2021-03-25T05:42:08-0700,Trade,BUY_TO_CLOSE,./ESM1 EW3K1 210521C4300,Future Option,Bought 1 /ESM1 EW3K1 05/21/21 Call 4300.00 @ 2.25,-112.50,1,-112.50,0.00,-0.87,1,/ESM1,5/21/21,4300.0,CALL,139688029
2021-03-24T11:42:32-0700,Trade,BUY_TO_CLOSE,SNAP  210416C00085000,Equity Option,Bought 1 SNAP 04/16/21 Call 85.00 @ 0.07,-7.00,1,-7.00,0.00,-0.14,100,SNAP,4/16/21,85.0,CALL,139628468
2021-03-24T08:34:11-0700,Trade,BUY_TO_OPEN,./ESM1 EW3K1 210521C4600,Future Option,Bought 1 /ESM1 EW3K1 05/21/21 Call 4600.00 @ 0.5,-25.00,1,-25.00,-2.50,-0.87,1,/ESM1,5/21/21,4600.0,CALL,139532500
2021-03-24T08:34:11-0700,Trade,BUY_TO_OPEN,./ESM1 EW3K1 210521P3300,Future Option,Bought 1 /ESM1 EW3K1 05/21/21 Put 3300.00 @ 15.0,-750.00,1,-750.00,-2.50,-0.87,1,/ESM1,5/21/21,3300.0,PUT,139532500
2021-03-24T08:34:11-0700,Trade,SELL_TO_OPEN,./ESM1 EW3K1 210521C4300,Future Option,Sold 1 /ESM1 EW3K1 05/21/21 Call 4300.00 @ 3.5,175.00,1,175.00,-2.50,-0.87,1,/ESM1,5/21/21,4300.0,CALL,139532500
2021-03-24T08:34:11-0700,Trade,SELL_TO_OPEN,./ESM1 EW3K1 210521P3600,Future Option,Sold 1 /ESM1 EW3K1 05/21/21 Put 3600.00 @ 34.25,"1,712.50",1,"1,712.50",-2.50,-0.87,1,/ESM1,5/21/21,3600.0,PUT,139532500
2021-03-24T07:51:20-0700,Trade,SELL_TO_OPEN,TSM   210521C00120000,Equity Option,Sold 1 TSM 05/21/21 Call 120.00 @ 2.89,289.00,1,289.00,-1.00,-0.152,100,TSM,5/21/21,120.0,CALL,139505572
2021-03-24T07:51:20-0700,Trade,BUY_TO_OPEN,TSM   230120C00110000,Equity Option,Bought 1 TSM 01/20/23 Call 110.00 @ 21.44,"-2,144.00",1,"-2,144.00",-1.00,-0.14,100,TSM,1/20/23,110.0,CALL,139505572
2021-03-23T12:58:48-0700,Trade,BUY_TO_CLOSE,TSLA  210416C00800000,Equity Option,Bought 1 TSLA 04/16/21 Call 800.00 @ 6.52,-652.00,1,-652.00,0.00,-0.14,100,TSLA,4/16/21,800.0,CALL,139394699
2021-03-23T12:58:48-0700,Trade,SELL_TO_OPEN,TSLA  210430C00800000,Equity Option,Sold 1 TSLA 04/30/21 Call 800.00 @ 14.97,"1,497.00",1,"1,497.00",-1.00,-0.152,100,TSLA,4/30/21,800.0,CALL,139394699
2021-03-23T09:09:20-0700,Trade,BUY_TO_CLOSE,NIO   210416C00045000,Equity Option,Bought 1 NIO 04/16/21 Call 45.00 @ 1.73,-173.00,1,-173.00,0.00,-0.14,100,NIO,4/16/21,45.0,CALL,139277556
2021-03-23T09:07:45-0700,Trade,SELL_TO_CLOSE,BA    210326C00250000,Equity Option,Sold 1 BA 03/26/21 Call 250.00 @ 2.08,208.00,1,208.00,0.00,-0.152,100,BA,3/26/21,250.0,CALL,139276716
2021-03-23T09:07:45-0700,Trade,BUY_TO_CLOSE,BA    210326C00240000,Equity Option,Bought 1 BA 03/26/21 Call 240.00 @ 6.68,-668.00,1,-668.00,0.00,-0.14,100,BA,3/26/21,240.0,CALL,139276716
2021-03-23T07:38:06-0700,Trade,SELL_TO_OPEN,AAPL  210430C00131000,Equity Option,Sold 1 AAPL 04/30/21 Call 131.00 @ 2.10,210.00,1,210.00,-1.00,-0.152,100,AAPL,4/30/21,131.0,CALL,139218546
2021-03-23T07:35:46-0700,Trade,BUY_TO_CLOSE,AAPL  210416C00130000,Equity Option,Bought 1 AAPL 04/16/21 Call 130.00 @ 1.05,-105.00,1,-105.00,0.00,-0.14,100,AAPL,4/16/21,130.0,CALL,135891158
2021-03-22T08:47:39-0700,Trade,SELL_TO_OPEN,./ESM1 EWJ1  210430C4300,Future Option,Sold 1 /ESM1 EWJ1 04/30/21 Call 4300.00 @ 1.75,87.50,1,87.50,-2.50,-0.87,1,/ESM1,4/30/21,4300.0,CALL,138978974
2021-03-22T08:47:39-0700,Trade,SELL_TO_OPEN,./ESM1 EWJ1  210430P3300,Future Option,Sold 1 /ESM1 EWJ1 04/30/21 Put 3300.00 @ 7.75,387.50,1,387.50,-2.50,-0.87,1,/ESM1,4/30/21,3300.0,PUT,138978974
2021-03-22T08:23:28-0700,Trade,SELL_TO_OPEN,PRPL  210521P00030000,Equity Option,Sold 1 PRPL 05/21/21 Put 30.00 @ 3.15,315.00,1,315.00,-1.00,-0.152,100,PRPL,5/21/21,30.0,PUT,138956526
2021-03-20T08:45:51-0700,Money Movement,,,,Regulatory fee adjustment,-0.01,0,,--,0.00,,,,,,
2021-03-19T10:24:38-0700,Trade,SELL_TO_CLOSE,./CLK1 LOK1  210415C71,Future Option,Sold 1 /CLK1 LOK1 04/15/21 Call 71.00 @ 0.26,260.00,1,260.00,0.00,-1.82,1,/CLK1,4/15/21,71.0,CALL,138713893
2021-03-19T10:24:38-0700,Trade,BUY_TO_CLOSE,./CLK1 LOK1  210415C70,Future Option,Bought 1 /CLK1 LOK1 04/15/21 Call 70.00 @ 0.33,-330.00,1,-330.00,0.00,-1.82,1,/CLK1,4/15/21,70.0,CALL,138713893
2021-03-19T10:20:36-0700,Trade,SELL_TO_CLOSE,./CLK1 LOK1  210415C73,Future Option,Sold 1 /CLK1 LOK1 04/15/21 Call 73.00 @ 0.17,170.00,1,170.00,0.00,-1.82,1,/CLK1,4/15/21,73.0,CALL,138713838
2021-03-19T10:20:36-0700,Trade,BUY_TO_CLOSE,./CLK1 LOK1  210415C70,Future Option,Bought 1 /CLK1 LOK1 04/15/21 Call 70.00 @ 0.33,-330.00,1,-330.00,0.00,-1.82,1,/CLK1,4/15/21,70.0,CALL,138713838
2021-03-19T07:46:54-0700,Trade,SELL_TO_OPEN,AMD   210521C00092500,Equity Option,Sold 1 AMD 05/21/21 Call 92.50 @ 1.90,190.00,1,190.00,-1.00,-0.152,100,AMD,5/21/21,92.5,CALL,138615646
2021-03-19T06:40:52-0700,Trade,BUY_TO_CLOSE,AMD   210416C00087500,Equity Option,Bought 1 AMD 04/16/21 Call 87.50 @ 0.98,-98.00,1,-98.00,0.00,-0.14,100,AMD,4/16/21,87.5,CALL,135184243
2021-03-17T07:08:49-0700,Trade,SELL_TO_CLOSE,CRWD  210319P00185000,Equity Option,Sold 1 CRWD 03/19/21 Put 185.00 @ 0.65,65.00,1,65.00,0.00,-0.152,100,CRWD,3/19/21,185.0,PUT,137462754
2021-03-17T07:08:49-0700,Trade,BUY_TO_CLOSE,CRWD  210319P00195000,Equity Option,Bought 1 CRWD 03/19/21 Put 195.00 @ 2.03,-203.00,1,-203.00,0.00,-0.14,100,CRWD,3/19/21,195.0,PUT,137462754
2021-03-16T14:00:00-0700,Money Movement,,,,INTEREST ON CREDIT BALANCE,0.46,0,,--,0.00,,,,,,
2021-03-16T06:30:17-0700,Trade,BUY_TO_CLOSE,RKT   210416P00023890,Equity Option,Bought 2 RKT 04/16/21 Put 23.89 @ 2.15,-430.00,2,-215.00,0.00,-0.27,100,RKT,4/16/21,23.89,PUT,137552065
2021-03-16T06:30:17-0700,Trade,BUY_TO_CLOSE,RKT   210416P00023890,Equity Option,Bought 3 RKT 04/16/21 Put 23.89 @ 2.15,-645.00,3,-215.00,0.00,-0.41,100,RKT,4/16/21,23.89,PUT,137552065
2021-03-15T10:14:19-0700,Trade,BUY_TO_CLOSE,RKT   210416P00023890,Equity Option,Bought 1 RKT 04/16/21 Put 23.89 @ 2.17,-217.00,1,-217.00,0.00,-0.14,100,RKT,4/16/21,23.89,PUT,137522228
2021-03-15T10:13:00-0700,Trade,BUY_TO_CLOSE,RKT   210416P00023890,Equity Option,Bought 1 RKT 04/16/21 Put 23.89 @ 2.17,-217.00,1,-217.00,0.00,-0.14,100,RKT,4/16/21,23.89,PUT,137522228
2021-03-13T09:01:21-0800,Money Movement,,,,Regulatory fee adjustment,-0.05,0,,--,0.00,,,,,,
2021-03-12T10:26:04-0800,Trade,SELL_TO_CLOSE,BA    210326P00170000,Equity Option,Sold 1 BA 03/26/21 Put 170.00 @ 0.03,3.00,1,3.00,0.00,-0.152,100,BA,3/26/21,170.0,PUT,137217254
2021-03-12T10:26:04-0800,Trade,BUY_TO_CLOSE,BA    210326P00180000,Equity Option,Bought 1 BA 03/26/21 Put 180.00 @ 0.08,-8.00,1,-8.00,0.00,-0.14,100,BA,3/26/21,180.0,PUT,137217254
2021-03-11T10:48:28-0800,Trade,SELL_TO_CLOSE,NIO   210416C00040000,Equity Option,Sold 1 NIO 04/16/21 Call 40.00 @ 7.37,737.00,1,737.00,0.00,-0.152,100,NIO,4/16/21,40.0,CALL,136926452
2021-03-11T10:48:28-0800,Trade,BUY_TO_CLOSE,NIO   210416C00045000,Equity Option,Bought 1 NIO 04/16/21 Call 45.00 @ 4.65,-465.00,1,-465.00,0.00,-0.14,100,NIO,4/16/21,45.0,CALL,136926452
2021-03-11T10:32:16-0800,Trade,SELL_TO_CLOSE,CRWD  210319C00275000,Equity Option,Sold 1 CRWD 03/19/21 Call 275.00 @ 0.14,14.00,1,14.00,0.00,-0.152,100,CRWD,3/19/21,275.0,CALL,136918624
2021-03-11T10:32:16-0800,Trade,BUY_TO_CLOSE,CRWD  210319C00265000,Equity Option,Bought 1 CRWD 03/19/21 Call 265.00 @ 0.29,-29.00,1,-29.00,0.00,-0.14,100,CRWD,3/19/21,265.0,CALL,136918624
2021-03-09T08:04:08-0800,Trade,SELL_TO_CLOSE,TSLA  210416P00460000,Equity Option,Sold 1 TSLA 04/16/21 Put 460.00 @ 11.55,"1,155.00",1,"1,155.00",0.00,-0.152,100,TSLA,4/16/21,460.0,PUT,136219532
2021-03-09T08:04:08-0800,Trade,BUY_TO_CLOSE,TSLA  210416P00500000,Equity Option,Bought 1 TSLA 04/16/21 Put 500.00 @ 17.75,"-1,775.00",1,"-1,775.00",0.00,-0.14,100,TSLA,4/16/21,500.0,PUT,136219532
2021-03-08T12:30:44-0800,Trade,SELL_TO_OPEN,TSLA  210416C00800000,Equity Option,Sold 1 TSLA 04/16/21 Call 800.00 @ 7.50,750.00,1,750.00,-1.00,-0.152,100,TSLA,4/16/21,800.0,CALL,136053776
2021-03-08T12:12:26-0800,Trade,BUY_TO_CLOSE,TSLA  210416C00800000,Equity Option,Bought 1 TSLA 04/16/21 Call 800.00 @ 7.30,-730.00,1,-730.00,0.00,-0.14,100,TSLA,4/16/21,800.0,CALL,136008938
2021-03-08T11:05:30-0800,Trade,SELL_TO_OPEN,TSLA  210416C00800000,Equity Option,Sold 1 TSLA 04/16/21 Call 800.00 @ 7.65,765.00,1,765.00,-1.00,-0.152,100,TSLA,4/16/21,800.0,CALL,136008543
2021-03-08T11:02:04-0800,Trade,BUY_TO_CLOSE,TSLA  210416C00800000,Equity Option,Bought 1 TSLA 04/16/21 Call 800.00 @ 7.40,-740.00,1,-740.00,0.00,-0.14,100,TSLA,4/16/21,800.0,CALL,135679910
2021-03-08T07:35:05-0800,Trade,SELL_TO_CLOSE,./ESM1 EW4H1 210326C4170,Future Option,Sold 1 /ESM1 EW4H1 03/26/21 Call 4170.00 @ 1.0,50.00,1,50.00,0.00,-0.87,1,/ESM1,3/26/21,4170.0,CALL,135818059
2021-03-08T07:35:05-0800,Trade,SELL_TO_CLOSE,./ESM1 EW4H1 210326P3500,Future Option,Sold 1 /ESM1 EW4H1 03/26/21 Put 3500.00 @ 11.25,562.50,1,562.50,0.00,-0.87,1,/ESM1,3/26/21,3500.0,PUT,135818059
2021-03-08T07:35:05-0800,Trade,BUY_TO_CLOSE,./ESM1 EW4H1 210326C4120,Future Option,Bought 1 /ESM1 EW4H1 03/26/21 Call 4120.00 @ 1.75,-87.50,1,-87.50,0.00,-0.87,1,/ESM1,3/26/21,4120.0,CALL,135818059
2021-03-08T07:35:05-0800,Trade,BUY_TO_CLOSE,./ESM1 EW4H1 210326P3550,Future Option,Bought 1 /ESM1 EW4H1 03/26/21 Put 3550.00 @ 14.5,-725.00,1,-725.00,0.00,-0.87,1,/ESM1,3/26/21,3550.0,PUT,135818059
2021-03-06T08:38:52-0800,Money Movement,,,,Regulatory fee adjustment,-0.09,0,,--,0.00,,,,,,
2021-03-06T08:14:47-0800,Receive Deliver,SELL_TO_OPEN,RKT   210416P00023890,Equity Option,Special dividend: Open 7.0 RKT   210416P00023890,"1,638.00",7,234.00,--,0.00,100,RKT,4/16/21,23.89,PUT,
2021-03-06T08:14:47-0800,Receive Deliver,BUY_TO_CLOSE,RKT   210416P00025000,Equity Option,Special dividend: Close 7.0 RKT   210416P00025000,"-1,638.00",7,-234.00,--,0.00,100,RKT,4/16/21,25.0,PUT,
2021-03-05T12:12:59-0800,Trade,BUY_TO_OPEN,TSLA  210416P00460000,Equity Option,Bought 1 TSLA 04/16/21 Put 460.00 @ 17.95,"-1,795.00",1,"-1,795.00",-1.00,-0.14,100,TSLA,4/16/21,460.0,PUT,135759030
2021-03-05T12:12:59-0800,Trade,SELL_TO_OPEN,TSLA  210416P00500000,Equity Option,Sold 1 TSLA 04/16/21 Put 500.00 @ 27.05,"2,705.00",1,"2,705.00",-1.00,-0.162,100,TSLA,4/16/21,500.0,PUT,135759030
2021-03-05T09:30:52-0800,Trade,SELL_TO_OPEN,TSLA  210416C00800000,Equity Option,Sold 1 TSLA 04/16/21 Call 800.00 @ 9.85,985.00,1,985.00,-1.00,-0.152,100,TSLA,4/16/21,800.0,CALL,135663062
2021-03-05T07:37:12-0800,Trade,BUY_TO_CLOSE,TSLA  210416C00800000,Equity Option,Bought 1 TSLA 04/16/21 Call 800.00 @ 9.25,-925.00,1,-925.00,0.00,-0.14,100,TSLA,4/16/21,800.0,CALL,135558874
2021-03-05T07:27:37-0800,Trade,SELL_TO_OPEN,AAPL  210416C00130000,Equity Option,Sold 1 AAPL 04/16/21 Call 130.00 @ 2.10,210.00,1,210.00,-1.00,-0.152,100,AAPL,4/16/21,130.0,CALL,135546758
2021-03-05T06:34:51-0800,Trade,BUY_TO_CLOSE,AAPL  210401C00130000,Equity Option,Bought 1 AAPL 04/01/21 Call 130.00 @ 1.43,-143.00,1,-143.00,0.00,-0.14,100,AAPL,4/01/21,130.0,CALL,132894134
2021-03-04T09:40:39-0800,Trade,SELL_TO_OPEN,NIO   210416C00045000,Equity Option,Sold 2 NIO 04/16/21 Call 45.00 @ 3.09,618.00,2,309.00,-2.00,-0.284,100,NIO,4/16/21,45.0,CALL,135268256
2021-03-04T09:40:39-0800,Trade,BUY_TO_OPEN,NIO   210416C00040000,Equity Option,Bought 1 NIO 04/16/21 Call 40.00 @ 5.03,-503.00,1,-503.00,-1.00,-0.14,100,NIO,4/16/21,40.0,CALL,135268256
2021-03-04T07:26:51-0800,Trade,SELL_TO_OPEN,TSLA  210416C00800000,Equity Option,Sold 1 TSLA 04/16/21 Call 800.00 @ 15.10,"1,510.00",1,"1,510.00",-1.00,-0.152,100,TSLA,4/16/21,800.0,CALL,135173914
2021-03-04T07:26:13-0800,Trade,SELL_TO_OPEN,AMD   210416C00087500,Equity Option,Sold 1 AMD 04/16/21 Call 87.50 @ 1.96,196.00,1,196.00,-1.00,-0.152,100,AMD,4/16/21,87.5,CALL,135173269
2021-03-04T06:47:50-0800,Trade,BUY_TO_CLOSE,TSLA  210326C00765000,Equity Option,Bought 1 TSLA 03/26/21 Call 765.00 @ 10.20,"-1,020.00",1,"-1,020.00",0.00,-0.14,100,TSLA,3/26/21,765.0,CALL,133907960
2021-03-04T06:30:00-0800,Trade,BUY_TO_CLOSE,AMD   210401C00088000,Equity Option,Bought 1 AMD 04/01/21 Call 88.00 @ 1.51,-151.00,1,-151.00,0.00,-0.14,100,AMD,4/01/21,88.0,CALL,133904643
2021-03-03T14:00:00-0800,Money Movement,,,,TRANSFER FROM NATIONAL FINA,0.18,0,,--,0.00,,,,,,
2021-03-03T07:42:03-0800,Trade,BUY_TO_CLOSE,MIK   210319P00017500,Equity Option,Bought 3 MIK 03/19/21 Put 17.50 @ 0.05,-15.00,3,-5.00,0.00,-0.41,100,MIK,3/19/21,17.5,PUT,134864802
2021-03-03T07:31:30-0800,Trade,BUY_TO_CLOSE,MIK   210319C00017500,Equity Option,Bought 3 MIK 03/19/21 Call 17.50 @ 4.70,"-1,410.00",3,-470.00,0.00,-0.41,100,MIK,3/19/21,17.5,CALL,134853278
2021-03-03T06:43:01-0800,Trade,BUY_TO_OPEN,CRWD  210319P00185000,Equity Option,Bought 1 CRWD 03/19/21 Put 185.00 @ 2.43,-243.00,1,-243.00,-1.00,-0.14,100,CRWD,3/19/21,185.0,PUT,134649491
2021-03-03T06:43:01-0800,Trade,SELL_TO_OPEN,CRWD  210319P00195000,Equity Option,Sold 1 CRWD 03/19/21 Put 195.00 @ 4.44,444.00,1,444.00,-1.00,-0.152,100,CRWD,3/19/21,195.0,PUT,134649491
2021-03-03T06:43:01-0800,Trade,BUY_TO_OPEN,CRWD  210319C00275000,Equity Option,Bought 1 CRWD 03/19/21 Call 275.00 @ 0.89,-89.00,1,-89.00,-1.00,-0.14,100,CRWD,3/19/21,275.0,CALL,134649491
2021-03-03T06:43:01-0800,Trade,SELL_TO_OPEN,CRWD  210319C00265000,Equity Option,Sold 1 CRWD 03/19/21 Call 265.00 @ 1.63,163.00,1,163.00,-1.00,-0.152,100,CRWD,3/19/21,265.0,CALL,134649491
2021-03-02T12:14:35-0800,Trade,SELL_TO_OPEN,RKT   210416P00025000,Equity Option,Sold 7 RKT 04/16/21 Put 25.00 @ 2.34,"1,638.00",7,234.00,-7.00,-0.974,100,RKT,4/16/21,25.0,PUT,134705890
2021-03-02T10:43:39-0800,Trade,SELL_TO_OPEN,MIK   210319C00017500,Equity Option,Sold 2 MIK 03/19/21 Call 17.50 @ 1.81,362.00,2,181.00,-2.00,-0.284,100,MIK,3/19/21,17.5,CALL,134660083
2021-03-02T10:43:39-0800,Trade,SELL_TO_OPEN,MIK   210319P00017500,Equity Option,Sold 2 MIK 03/19/21 Put 17.50 @ 1.24,248.00,2,124.00,-2.00,-0.284,100,MIK,3/19/21,17.5,PUT,134660083
2021-03-02T10:41:49-0800,Trade,SELL_TO_OPEN,MIK   210319C00017500,Equity Option,Sold 1 MIK 03/19/21 Call 17.50 @ 1.81,181.00,1,181.00,-1.00,-0.152,100,MIK,3/19/21,17.5,CALL,134659252
2021-03-02T10:41:49-0800,Trade,SELL_TO_OPEN,MIK   210319P00017500,Equity Option,Sold 1 MIK 03/19/21 Put 17.50 @ 1.31,131.00,1,131.00,-1.00,-0.152,100,MIK,3/19/21,17.5,PUT,134659252
2021-03-02T09:36:18-0800,Trade,BUY_TO_CLOSE,./ESH1 E3AH1 210315C4020,Future Option,Bought 1 /ESH1 E3AH1 03/15/21 Call 4020.00 @ 5.0,-250.00,1,-250.00,0.00,-0.87,1,/ESH1,3/15/21,4020.0,CALL,134445830
2021-03-02T09:36:18-0800,Trade,BUY_TO_CLOSE,./ESH1 E3AH1 210315P3665,Future Option,Bought 1 /ESH1 E3AH1 03/15/21 Put 3665.00 @ 10.75,-537.50,1,-537.50,0.00,-0.87,1,/ESH1,3/15/21,3665.0,PUT,134445830
2021-03-01T12:39:26-0800,Trade,BUY_TO_CLOSE,./ESH1 E3AH1 210315C4020,Future Option,Bought 1 /ESH1 E3AH1 03/15/21 Call 4020.00 @ 7.75,-387.50,1,-387.50,0.00,-0.87,1,/ESH1,3/15/21,4020.0,CALL,134420315
2021-03-01T12:39:26-0800,Trade,BUY_TO_CLOSE,./ESH1 E3AH1 210315P3665,Future Option,Bought 1 /ESH1 E3AH1 03/15/21 Put 3665.00 @ 12.5,-625.00,1,-625.00,0.00,-0.87,1,/ESH1,3/15/21,3665.0,PUT,134420315
2021-02-27T08:54:52-0800,Money Movement,,,,Regulatory fee adjustment,-0.04,0,,--,0.00,,,,,,
2021-02-26T14:00:00-0800,Receive Deliver,,CCL   210226C00025500,Equity Option,Removal of option due to assignment,0.00,1,0.00,--,0.00,100,CCL,2/26/21,25.5,CALL,
2021-02-26T14:00:00-0800,Receive Deliver,SELL_TO_CLOSE,CCL,Equity,Sell to Close 100 CCL @ 25.50,"2,550.00",100,25.50,--,-5.072,,,,,,
2021-02-26T14:00:00-0800,Receive Deliver,,CCL   210226C00026500,Equity Option,Removal of option due to exercise,0.00,1,0.00,--,0.00,100,CCL,2/26/21,26.5,CALL,
2021-02-26T14:00:00-0800,Receive Deliver,BUY_TO_OPEN,CCL,Equity,Buy to Open 100 CCL @ 26.50,"-2,650.00",100,-26.50,--,-5.00,,,,,,
2021-02-24T11:46:43-0800,Trade,BUY_TO_CLOSE,./ESH1 E3AH1 210315P3530,Future Option,Bought 2 /ESH1 E3AH1 03/15/21 Put 3530.00 @ 7.0,-700.00,2,-350.00,0.00,-1.74,1,/ESH1,3/15/21,3530.0,PUT,133308418
2021-02-24T11:46:43-0800,Trade,SELL_TO_OPEN,./ESH1 E3AH1 210315P3665,Future Option,Sold 2 /ESH1 E3AH1 03/15/21 Put 3665.00 @ 13.5,"1,350.00",2,675.00,-5.00,-1.74,1,/ESH1,3/15/21,3665.0,PUT,133308418
2021-02-23T13:37:13-0800,Trade,SELL_TO_CLOSE,./ESH1 E1CH1 210303C3950,Future Option,Sold 1 /ESH1 E1CH1 03/03/21 Call 3950.00 @ 8.0,400.00,1,400.00,0.00,-0.87,1,/ESH1,3/03/21,3950.0,CALL,133049083
2021-02-23T13:37:13-0800,Trade,BUY_TO_CLOSE,./ESH1 E1CH1 210303C3900,Future Option,Bought 1 /ESH1 E1CH1 03/03/21 Call 3900.00 @ 26.25,"-1,312.50",1,"-1,312.50",0.00,-0.87,1,/ESH1,3/03/21,3900.0,CALL,133049083
2021-02-23T11:48:19-0800,Trade,SELL_TO_OPEN,SNAP  210416P00055000,Equity Option,Sold 1 SNAP 04/16/21 Put 55.00 @ 1.77,177.00,1,177.00,-1.00,-0.152,100,SNAP,4/16/21,55.0,PUT,132993799
2021-02-23T11:48:19-0800,Trade,SELL_TO_OPEN,SNAP  210416C00085000,Equity Option,Sold 1 SNAP 04/16/21 Call 85.00 @ 1.46,146.00,1,146.00,-1.00,-0.152,100,SNAP,4/16/21,85.0,CALL,132993799
2021-02-23T10:57:41-0800,Trade,BUY_TO_OPEN,BAC   210416P00036000,Equity Option,Bought 6 BAC 04/16/21 Put 36.00 @ 2.14,"-1,284.00",6,-214.00,-6.00,-0.81,100,BAC,4/16/21,36.0,PUT,132969793
2021-02-23T10:45:55-0800,Trade,SELL_TO_OPEN,./ESH1 E3AH1 210315C4020,Future Option,Sold 2 /ESH1 E3AH1 03/15/21 Call 4020.00 @ 5.75,575.00,2,287.50,-5.00,-1.74,1,/ESH1,3/15/21,4020.0,CALL,132965368
2021-02-23T10:45:55-0800,Trade,SELL_TO_OPEN,./ESH1 E3AH1 210315P3530,Future Option,Sold 2 /ESH1 E3AH1 03/15/21 Put 3530.00 @ 12.5,"1,250.00",2,625.00,-5.00,-1.74,1,/ESH1,3/15/21,3530.0,PUT,132965368
2021-02-23T08:12:31-0800,Trade,BUY_TO_OPEN,JPM   210416P00150000,Equity Option,Bought 1 JPM 04/16/21 Put 150.00 @ 6.40,-640.00,1,-640.00,-1.00,-0.14,100,JPM,4/16/21,150.0,PUT,132881199
2021-02-23T07:46:36-0800,Trade,BUY_TO_OPEN,./ESH1 E1CH1 210303C3950,Future Option,Bought 1 /ESH1 E1CH1 03/03/21 Call 3950.00 @ 5.75,-287.50,1,-287.50,-2.50,-0.87,1,/ESH1,3/03/21,3950.0,CALL,132858100
2021-02-23T07:46:36-0800,Trade,SELL_TO_OPEN,./ESH1 E1CH1 210303C3900,Future Option,Sold 1 /ESH1 E1CH1 03/03/21 Call 3900.00 @ 19.75,987.50,1,987.50,-2.50,-0.87,1,/ESH1,3/03/21,3900.0,CALL,132858100
2021-02-23T07:45:44-0800,Trade,SELL_TO_CLOSE,./ESH1 E1CH1 210303P3700,Future Option,Sold 2 /ESH1 E1CH1 03/03/21 Put 3700.00 @ 11.0,"1,100.00",2,550.00,0.00,-1.74,1,/ESH1,3/03/21,3700.0,PUT,132847692
2021-02-23T07:45:44-0800,Trade,BUY_TO_CLOSE,./ESH1 E1CH1 210303P3730,Future Option,Bought 2 /ESH1 E1CH1 03/03/21 Put 3730.00 @ 14.25,"-1,425.00",2,-712.50,0.00,-1.74,1,/ESH1,3/03/21,3730.0,PUT,132847692
2021-02-23T07:32:28-0800,Trade,BUY_TO_OPEN,./ESH1 E1CH1 210303P3700,Future Option,Bought 2 /ESH1 E1CH1 03/03/21 Put 3700.00 @ 13.25,"-1,325.00",2,-662.50,-5.00,-1.74,1,/ESH1,3/03/21,3700.0,PUT,132843774
2021-02-23T07:32:28-0800,Trade,SELL_TO_OPEN,./ESH1 E1CH1 210303P3730,Future Option,Sold 2 /ESH1 E1CH1 03/03/21 Put 3730.00 @ 17.2,"1,720.00",2,860.00,-5.00,-1.74,1,/ESH1,3/03/21,3730.0,PUT,132843774
2021-02-23T07:24:23-0800,Trade,SELL_TO_OPEN,AMD   210401C00088000,Equity Option,Sold 1 AMD 04/01/21 Call 88.00 @ 3.08,308.00,1,308.00,-1.00,-0.152,100,AMD,4/01/21,88.0,CALL,132834657
2021-02-23T07:24:23-0800,Trade,BUY_TO_OPEN,AMD   210618C00085000,Equity Option,Bought 1 AMD 06/18/21 Call 85.00 @ 8.60,-860.00,1,-860.00,-1.00,-0.14,100,AMD,6/18/21,85.0,CALL,132834657
2021-02-23T06:53:04-0800,Trade,BUY_TO_CLOSE,./ESM1 EW4H1 210326C3990,Future Option,Bought 1 /ESM1 EW4H1 03/26/21 Call 3990.00 @ 16.25,-812.50,1,-812.50,0.00,-0.87,1,/ESM1,3/26/21,3990.0,CALL,132786256
2021-02-23T06:34:55-0800,Trade,SELL_TO_OPEN,TSLA  210326C00765000,Equity Option,Sold 1 TSLA 03/26/21 Call 765.00 @ 20.35,"2,035.00",1,"2,035.00",-1.00,-0.192,100,TSLA,3/26/21,765.0,CALL,132739487
2021-02-23T06:34:21-0800,Trade,BUY_TO_CLOSE,TSLA  210326C00870000,Equity Option,Bought 1 TSLA 03/26/21 Call 870.00 @ 7.40,-740.00,1,-740.00,0.00,-0.14,100,TSLA,3/26/21,870.0,CALL,132738185
2021-02-23T06:31:12-0800,Trade,SELL_TO_OPEN,AAPL  210401C00130000,Equity Option,Sold 1 AAPL 04/01/21 Call 130.00 @ 2.85,285.00,1,285.00,-1.00,-0.152,100,AAPL,4/01/21,130.0,CALL,132729788
2021-02-23T06:30:04-0800,Trade,BUY_TO_CLOSE,AAPL  210401C00137000,Equity Option,Bought 1 AAPL 04/01/21 Call 137.00 @ 1.25,-125.00,1,-125.00,0.00,-0.14,100,AAPL,4/01/21,137.0,CALL,131974369
2021-02-23T02:06:53-0800,Trade,SELL_TO_CLOSE,./ESM1 EW4H1 210326C4220,Future Option,Sold 1 /ESM1 EW4H1 03/26/21 Call 4220.00 @ 1.25,62.50,1,62.50,0.00,-0.87,1,/ESM1,3/26/21,4220.0,CALL,132694402
2021-02-23T02:06:53-0800,Trade,BUY_TO_CLOSE,./ESM1 EW4H1 210326C4120,Future Option,Bought 1 /ESM1 EW4H1 03/26/21 Call 4120.00 @ 4.0,-200.00,1,-200.00,0.00,-0.87,1,/ESM1,3/26/21,4120.0,CALL,132694402
2021-02-22T12:05:22-0800,Trade,SELL,/ZNM1,Future,Sold 2 /ZNM1 @ 134.15625,125.00,2,62.50,-2.50,-2.14,,,,,,132372921
2021-02-22T12:05:22-0800,Trade,BUY,/ZBM1,Future,Bought 1 /ZBM1 @ 160.625,187.50,1,187.50,-1.25,-1.12,,,,,,132372920
2021-02-22T07:19:22-0800,Trade,SELL_TO_OPEN,./ESM1 EW4H1 210326C3990,Future Option,Sold 1 /ESM1 EW4H1 03/26/21 Call 3990.00 @ 26.25,"1,312.50",1,"1,312.50",-2.50,-0.87,1,/ESM1,3/26/21,3990.0,CALL,132461302
2021-02-22T07:17:04-0800,Trade,SELL_TO_OPEN,FSLY  210416C00090000,Equity Option,Sold 1 FSLY 04/16/21 Call 90.00 @ 5.08,508.00,1,508.00,-1.00,-0.162,100,FSLY,4/16/21,90.0,CALL,132448568
2021-02-22T07:17:04-0800,Trade,BUY_TO_OPEN,FSLY  210416C00080000,Equity Option,Bought 1 FSLY 04/16/21 Call 80.00 @ 8.33,-833.00,1,-833.00,-1.00,-0.14,100,FSLY,4/16/21,80.0,CALL,132448568
2021-02-22T06:39:05-0800,Trade,SELL_TO_OPEN,TSLA  210326C00870000,Equity Option,Sold 1 TSLA 03/26/21 Call 870.00 @ 17.50,"1,750.00",1,"1,750.00",-1.00,-0.182,100,TSLA,3/26/21,870.0,CALL,132405898
2021-02-22T06:33:32-0800,Trade,BUY_TO_CLOSE,TSLA  210319C00870000,Equity Option,Bought 1 TSLA 03/19/21 Call 870.00 @ 11.20,"-1,120.00",1,"-1,120.00",0.00,-0.14,100,TSLA,3/19/21,870.0,CALL,131974520
2021-02-22T00:23:58-0800,Trade,BUY,/ZNM1,Future,Bought 2 /ZNM1 @ 134.09375,0.00,2,0.00,-2.50,-2.14,,,,,,132372748
2021-02-22T00:23:58-0800,Trade,SELL,/ZBM1,Future,Sold 1 /ZBM1 @ 160.8125,0.00,1,0.00,-1.25,-1.12,,,,,,132372749
2021-02-22T00:09:18-0800,Trade,SELL,/ZNM1,Future,Sold 2 /ZNM1 @ 133.984375,-281.25,2,-140.62,-2.50,-2.14,,,,,,132371913
2021-02-22T00:09:18-0800,Trade,BUY,/ZBM1,Future,Bought 1 /ZBM1 @ 160.625,343.75,1,343.75,-1.25,-1.12,,,,,,132371912
2021-02-21T23:21:17-0800,Trade,BUY,/ZNM1,Future,Bought 2 /ZNM1 @ 134.125,0.00,2,0.00,-2.50,-2.14,,,,,,132371448
2021-02-21T23:21:17-0800,Trade,SELL,/ZBM1,Future,Sold 1 /ZBM1 @ 160.96875,0.00,1,0.00,-1.25,-1.12,,,,,,132371449
2021-02-21T22:37:00-0800,Trade,SELL,/ZNM1,Future,Sold 2 /ZNM1 @ 134.0,-156.25,2,-78.12,-2.50,-2.14,,,,,,132370634
2021-02-21T22:37:00-0800,Trade,BUY,/ZBM1,Future,Bought 1 /ZBM1 @ 160.71875,125.00,1,125.00,-1.25,-1.12,,,,,,132370633
2021-02-21T22:15:26-0800,Trade,BUY,/ZNM1,Future,Bought 2 /ZNM1 @ 134.078125,0.00,2,0.00,-2.50,-2.14,,,,,,132370322
2021-02-21T22:15:26-0800,Trade,SELL,/ZBM1,Future,Sold 1 /ZBM1 @ 160.84375,0.00,1,0.00,-1.25,-1.12,,,,,,132370323
2021-02-19T12:45:20-0800,Trade,SELL_TO_OPEN,BA    210326C00240000,Equity Option,Sold 1 BA 03/26/21 Call 240.00 @ 4.11,411.00,1,411.00,-1.00,-0.152,100,BA,3/26/21,240.0,CALL,132321292
2021-02-19T12:45:20-0800,Trade,SELL_TO_OPEN,BA    210326P00180000,Equity Option,Sold 1 BA 03/26/21 Put 180.00 @ 1.61,161.00,1,161.00,-1.00,-0.152,100,BA,3/26/21,180.0,PUT,132321292
2021-02-19T12:45:20-0800,Trade,BUY_TO_OPEN,BA    210326C00250000,Equity Option,Bought 1 BA 03/26/21 Call 250.00 @ 2.62,-262.00,1,-262.00,-1.00,-0.14,100,BA,3/26/21,250.0,CALL,132321292
2021-02-19T12:45:20-0800,Trade,BUY_TO_OPEN,BA    210326P00170000,Equity Option,Bought 1 BA 03/26/21 Put 170.00 @ 0.98,-98.00,1,-98.00,-1.00,-0.14,100,BA,3/26/21,170.0,PUT,132321292
2021-02-19T07:23:07-0800,Trade,BUY_TO_OPEN,CCL   210226C00026500,Equity Option,Bought 1 CCL 02/26/21 Call 26.50 @ 0.50,-50.00,1,-50.00,-1.00,-0.14,100,CCL,2/26/21,26.5,CALL,132077410
2021-02-19T07:23:07-0800,Trade,SELL_TO_OPEN,CCL   210226C00025500,Equity Option,Sold 1 CCL 02/26/21 Call 25.50 @ 0.73,73.00,1,73.00,-1.00,-0.152,100,CCL,2/26/21,25.5,CALL,132077410
2021-02-18T11:02:35-0800,Trade,BUY_TO_CLOSE,TSLA  210319C00950000,Equity Option,Bought 1 TSLA 03/19/21 Call 950.00 @ 9.20,-920.00,1,-920.00,0.00,-0.14,100,TSLA,3/19/21,950.0,CALL,131889082
2021-02-18T11:02:35-0800,Trade,SELL_TO_OPEN,TSLA  210319C00870000,Equity Option,Sold 1 TSLA 03/19/21 Call 870.00 @ 22.35,"2,235.00",1,"2,235.00",-1.00,-0.192,100,TSLA,3/19/21,870.0,CALL,131889082
2021-02-18T09:41:18-0800,Trade,BUY_TO_OPEN,./CLK1 LOK1  210415C73,Future Option,Bought 1 /CLK1 LOK1 04/15/21 Call 73.00 @ 0.32,-320.00,1,-320.00,-2.50,-1.82,1,/CLK1,4/15/21,73.0,CALL,131853772
2021-02-18T09:41:18-0800,Trade,SELL_TO_OPEN,./CLK1 LOK1  210415C70,Future Option,Sold 1 /CLK1 LOK1 04/15/21 Call 70.00 @ 0.52,520.00,1,520.00,-2.50,-1.82,1,/CLK1,4/15/21,70.0,CALL,131853772
2021-02-18T09:41:04-0800,Trade,BUY_TO_OPEN,./CLK1 LOK1  210415C71,Future Option,Bought 1 /CLK1 LOK1 04/15/21 Call 71.00 @ 0.44,-440.00,1,-440.00,-2.50,-1.82,1,/CLK1,4/15/21,71.0,CALL,131853653
2021-02-18T09:41:04-0800,Trade,SELL_TO_OPEN,./CLK1 LOK1  210415C70,Future Option,Sold 1 /CLK1 LOK1 04/15/21 Call 70.00 @ 0.52,520.00,1,520.00,-2.50,-1.82,1,/CLK1,4/15/21,70.0,CALL,131853653
2021-02-18T09:12:51-0800,Trade,BUY_TO_OPEN,./ESM1 EW4H1 210326C4220,Future Option,Bought 1 /ESM1 EW4H1 03/26/21 Call 4220.00 @ 2.25,-112.50,1,-112.50,-2.50,-0.87,1,/ESM1,3/26/21,4220.0,CALL,131840105
2021-02-18T09:12:51-0800,Trade,SELL_TO_OPEN,./ESM1 EW4H1 210326C4120,Future Option,Sold 1 /ESM1 EW4H1 03/26/21 Call 4120.00 @ 7.25,362.50,1,362.50,-2.50,-0.87,1,/ESM1,3/26/21,4120.0,CALL,131840105
2021-02-18T08:50:02-0800,Trade,BUY_TO_OPEN,./ESM1 EW4H1 210326C4170,Future Option,Bought 1 /ESM1 EW4H1 03/26/21 Call 4170.00 @ 3.75,-187.50,1,-187.50,-2.50,-0.87,1,/ESM1,3/26/21,4170.0,CALL,131828036
2021-02-18T08:50:02-0800,Trade,BUY_TO_OPEN,./ESM1 EW4H1 210326P3500,Future Option,Bought 1 /ESM1 EW4H1 03/26/21 Put 3500.00 @ 24.25,"-1,212.50",1,"-1,212.50",-2.50,-0.87,1,/ESM1,3/26/21,3500.0,PUT,131828036
2021-02-18T08:50:02-0800,Trade,SELL_TO_OPEN,./ESM1 EW4H1 210326C4120,Future Option,Sold 1 /ESM1 EW4H1 03/26/21 Call 4120.00 @ 7.25,362.50,1,362.50,-2.50,-0.87,1,/ESM1,3/26/21,4120.0,CALL,131828036
2021-02-18T08:50:02-0800,Trade,SELL_TO_OPEN,./ESM1 EW4H1 210326P3550,Future Option,Sold 1 /ESM1 EW4H1 03/26/21 Put 3550.00 @ 28.5,"1,425.00",1,"1,425.00",-2.50,-0.87,1,/ESM1,3/26/21,3550.0,PUT,131828036
2021-02-18T08:46:00-0800,Trade,SELL_TO_OPEN,TSLA  210319C00950000,Equity Option,Sold 1 TSLA 03/19/21 Call 950.00 @ 9.70,970.00,1,970.00,-1.00,-0.172,100,TSLA,3/19/21,950.0,CALL,131825831
2021-02-18T08:46:00-0800,Trade,BUY_TO_OPEN,TSLA  220121C00950000,Equity Option,Bought 1 TSLA 01/21/22 Call 950.00 @ 171.85,"-17,185.00",1,"-17,185.00",-1.00,-0.14,100,TSLA,1/21/22,950.0,CALL,131825831
2021-02-18T08:34:58-0800,Trade,SELL_TO_OPEN,AAPL  210401C00137000,Equity Option,Sold 1 AAPL 04/01/21 Call 137.00 @ 2.50,250.00,1,250.00,-1.00,-0.152,100,AAPL,4/01/21,137.0,CALL,131819717
2021-02-18T08:34:58-0800,Trade,BUY_TO_OPEN,AAPL  220121C00140000,Equity Option,Bought 1 AAPL 01/21/22 Call 140.00 @ 13.55,"-1,355.00",1,"-1,355.00",-1.00,-0.14,100,AAPL,1/21/22,140.0,CALL,131819717
2021-02-17T14:00:00-0800,Money Movement,,,,TRANSFER FROM NATIONAL FINA,"80,481.80",0,,--,0.00,,,,,,
